0,1,2,3,4,5,6,7,8,9,10,11,12,13,14,15,True_value
0.3970417,0.2087538,0.20799358,0.45443612,0.47197282,0.24248856,0.24776614,0.3540634,0.08287534,0.53722143,0.23915684,-0.000129452,0.18643728,0.3387913,0.5903063,0.21143426,0
0.6303101,0.003778301,0.000219643,0.71758157,0.72853374,0.007790014,0.009788662,0.58184266,-0.004022285,0.7935533,0.00719627,-0.000144054,-0.000343874,0.600454,0.8011643,-0.003690876,1
0.63935405,0.080519386,0.077783726,0.73307085,0.7435479,0.08083597,0.09292342,0.58717436,0.02336511,0.8224395,0.09138698,-0.000169234,0.06334363,0.60421664,0.84847933,0.08121884,0
0.058356244,0.6191666,0.63565814,0.056644045,0.11318062,0.738562,0.77821296,0.03184133,0.26402685,0.18255922,0.72285,-0.000142668,0.54819095,-0.11822398,0.3321985,0.6341787,0
0.59432524,0.043091595,0.044823445,0.6845195,0.6876372,0.04699473,0.048916228,0.5424111,0.012046512,0.7581787,0.04869596,-0.000140051,0.036164224,0.5668313,0.77226955,0.037595216,1
0.5601771,0.09558471,0.110908136,0.64385027,0.65486234,0.1276865,0.12231134,0.51639587,0.03378012,0.73381704,0.12673366,-0.00014298,0.08387275,0.51176155,0.7734606,0.10158274,0
0.63145137,0.041243702,0.029382885,0.72647864,0.72975254,0.030202255,0.027191475,0.5740221,0.01568776,0.8031857,0.02888941,-0.0001545,0.02768404,0.6052406,0.80639434,0.031640433,0
0.5745179,0.035231266,0.04808172,0.6656573,0.66710943,0.05577138,0.04020012,0.52801347,0.007802252,0.744115,0.058033176,-0.000133835,0.039718673,0.549602,0.76889193,0.042888157,1
0.3826628,0.28150883,0.29652727,0.43592164,0.4611094,0.33497947,0.32781446,0.34556484,0.11014957,0.5394997,0.3369574,-0.000147029,0.25927508,0.31590727,0.6323102,0.29793796,1
0.45423955,0.24466458,0.2434355,0.51924324,0.54058546,0.27923644,0.3052677,0.41480407,0.10178512,0.6181223,0.27864668,-0.000149156,0.20688832,0.35876665,0.68451256,0.23804234,0
0.18325754,0.20660532,0.26995596,0.22091895,0.23442613,0.31215182,0.3063581,0.14782913,0.08637819,0.29399848,0.29971862,-6.45E-05,0.23244867,0.11681573,0.35926417,0.23821369,1
0.5910119,0.051797997,0.04222118,0.67572063,0.68454534,0.055473775,0.06430883,0.5388598,0.012499552,0.748777,0.051375188,-0.000145454,0.03549034,0.5504316,0.75796837,0.04012479,0
0.22034526,0.12077595,0.19954485,0.25520217,0.26679376,0.24486932,0.25018468,0.19802979,0.06692087,0.3307662,0.22514263,-7.41E-05,0.16299082,0.1710038,0.38844183,0.17323491,1
0.34218544,0.2822131,0.29497612,0.39514345,0.41715202,0.33625352,0.3579581,0.31240135,0.12373744,0.49390334,0.33150488,-0.000130569,0.25546318,0.25435776,0.5708031,0.28598952,1
0.4524364,0.24023998,0.24071628,0.51184654,0.5367271,0.27885744,0.29658034,0.41248158,0.093845636,0.6115604,0.27483487,-0.000147709,0.20535305,0.36640045,0.6855253,0.23272894,0
0.30079642,0.33339417,0.3511678,0.33761296,0.37606654,0.42413124,0.4395188,0.27388114,0.12958924,0.4472847,0.41139615,-0.000138572,0.29462957,0.21157005,0.5452348,0.33994323,0
0.5479622,0.06132745,0.065744996,0.6287005,0.63454384,0.07391408,0.074429944,0.49316522,0.019841481,0.7001572,0.07033676,-0.000136689,0.056588665,0.51675785,0.7152689,0.059958216,0
0.2551608,0.34837195,0.38230813,0.29576838,0.32302496,0.450115,0.4649048,0.2266405,0.15559474,0.4044928,0.44041306,-0.000132602,0.32382372,0.15452845,0.49972004,0.374528,0
0.6335587,0.016927883,0.013422616,0.7388058,0.7331078,0.010144532,0.000552915,0.57600075,0.009470038,0.81142694,0.013599984,-0.000151009,0.019060418,0.62487704,0.808306,0.018975899,0
0.18949239,0.28951147,0.34552693,0.22545554,0.2467091,0.40139654,0.39618692,0.1709505,0.13082667,0.3243947,0.3935213,-0.000105578,0.29203546,0.12291117,0.4222542,0.3327031,0
0.44242212,0.1812273,0.19092014,0.51238585,0.5251666,0.21267807,0.22552735,0.3970063,0.08695008,0.59838444,0.21062815,-0.000134774,0.17316134,0.38343915,0.63722736,0.18417935,1
0.5842515,0.014190916,0.026483707,0.6781179,0.67616886,0.024653465,0.025154427,0.5335552,0.003924482,0.7497368,0.02778244,-0.000133667,0.018124834,0.56960994,0.7524772,0.01547499,1
0.46926254,0.22869039,0.2258901,0.5376605,0.556931,0.25494543,0.2794236,0.4257211,0.09746647,0.6335601,0.25653958,-0.000147972,0.19725531,0.38509145,0.6895927,0.22196889,0
0.42381242,0.22745988,0.23183498,0.48818418,0.50330806,0.2654824,0.2597449,0.37997437,0.09357616,0.5842519,0.25961143,-0.000139771,0.20649055,0.35966948,0.64416075,0.23165584,1
0.38534197,0.27463964,0.2747547,0.4346636,0.4636538,0.3197689,0.34074694,0.3473803,0.113812506,0.5305728,0.3120889,-0.000137437,0.2368106,0.28376678,0.59973717,0.2695304,1
0.3898454,0.23296535,0.24293724,0.45025033,0.46454248,0.27042073,0.26246247,0.34172192,0.102345064,0.53846824,0.26931387,-0.000134687,0.22283061,0.3345716,0.5983124,0.2448375,0
0.3815658,0.2663673,0.2748851,0.44183567,0.4635276,0.3165658,0.33111295,0.34159067,0.117828526,0.53480893,0.31196374,-0.000139866,0.23829728,0.2985003,0.5959465,0.26827568,0
0.30974606,0.36453843,0.38160127,0.35719374,0.38794953,0.43442988,0.4585007,0.27827215,0.15488909,0.46554103,0.43253857,-0.00014567,0.32271862,0.19461086,0.561101,0.37545025,1
0.5115812,0.18071002,0.17836466,0.5866974,0.6022985,0.20263791,0.22446966,0.4664736,0.073677614,0.6782648,0.20434797,-0.000148475,0.15409176,0.43880716,0.7253041,0.17249623,0
0.47986597,0.21907517,0.2449393,0.53748107,0.56529516,0.30539453,0.34174764,0.45524803,0.091412924,0.65574986,0.28945178,-0.000144861,0.17822139,0.3369063,0.7410166,0.22116935,0
0.54213864,0.055269666,0.06624994,0.6237389,0.6296878,0.07596549,0.07891082,0.49796906,0.017279696,0.7014184,0.07922803,-0.000136662,0.053288996,0.5194723,0.72183055,0.06009742,0
0.13892862,0.16183415,0.23953393,0.18224433,0.18430226,0.2675709,0.28382656,0.1077662,0.10054101,0.23636892,0.2610301,-4.32E-05,0.20877448,0.09409512,0.2690968,0.19465339,1
0.6129334,0.003596902,0.001097962,0.708676,0.7110032,-0.003656074,-0.002471067,0.56144065,-0.000706725,0.7737404,-0.002126724,-0.000131128,0.000887141,0.58663434,0.76505345,-0.002330318,0
0.5200799,0.15833414,0.15685473,0.5932238,0.60697883,0.1781823,0.1869541,0.4715223,0.05685899,0.68282884,0.17842744,-0.000146242,0.13316245,0.46044567,0.7291934,0.15149212,1
0.5743701,0.06199307,0.076068975,0.66621494,0.66811085,0.07885866,0.091272205,0.5273332,0.027676601,0.7477205,0.08106081,-0.000141977,0.060538635,0.5380931,0.7680029,0.06328708,0
0.5813417,0.017465062,0.052203186,0.6712326,0.67548794,0.056996264,0.06253481,0.540124,0.002000518,0.7533507,0.062348522,-0.000146287,0.021166697,0.5592691,0.7784748,0.034231037,1
0.25428066,0.3767982,0.4074305,0.28898048,0.3227604,0.475367,0.48454,0.23956251,0.14504275,0.40920043,0.46924073,-0.000135582,0.3392099,0.15610562,0.5426099,0.40373766,1
0.49629828,0.17933422,0.17087157,0.5702386,0.5839583,0.19296929,0.21078582,0.4468919,0.07953024,0.6569473,0.18977678,-0.000144358,0.15549295,0.4298643,0.6922013,0.16699278,1
0.6251497,0.009593375,0.014548674,0.7194349,0.7222602,0.011216208,0.021065012,0.5758462,0.001910549,0.79567957,0.014393725,-0.000141587,0.005081326,0.5919173,0.7981977,0.005424917,1
0.35287678,0.30139518,0.30360824,0.39281264,0.42704743,0.35633326,0.3873224,0.32558855,0.11566466,0.50326705,0.3497723,-0.000136443,0.25371224,0.2541057,0.59201527,0.2970168,1
0.3877015,0.37036893,0.39144468,0.44661573,0.47584933,0.45001057,0.48219162,0.36187875,0.15122989,0.5753854,0.4474768,-0.000152326,0.3290869,0.27004817,0.691844,0.38696843,1
0.48287717,0.1121162,0.10374127,0.56357515,0.56573915,0.11678557,0.10818167,0.43259525,0.056446314,0.63296694,0.11201025,-0.000130732,0.104835466,0.45357773,0.64486325,0.10537727,1
0.61177737,0.027458679,0.057525948,0.7108627,0.70812386,0.048223972,0.06020053,0.561646,0.014365263,0.79317,0.05840669,-0.000141503,0.047152616,0.59554553,0.8158387,0.043194428,1
0.45296237,0.21703613,0.22644687,0.5047463,0.53433895,0.27295762,0.27977344,0.41720566,0.06764873,0.6045379,0.26559633,-0.000150379,0.18060857,0.3660822,0.69119436,0.21752746,0
0.6097373,0.06424144,0.05158007,0.7001292,0.70796597,0.053516753,0.06681558,0.55791306,0.023899619,0.7796537,0.06181316,-0.000152458,0.05058176,0.57949185,0.7872894,0.05556109,0
0.62929755,0.004554674,-0.000438288,0.730468,0.7263169,-0.002316877,-0.014448561,0.5744672,-0.00210312,0.79834586,-0.002754763,-0.000139034,-0.001299381,0.6158653,0.79392815,-0.003266469,0
0.6373582,0.010550816,0.014020644,0.7337331,0.73553437,0.018313557,0.013910718,0.5884966,-0.000377871,0.81288934,0.019154266,-0.000150495,0.007057309,0.6139285,0.82608354,0.010953635,0
0.45065615,0.19135737,0.19645306,0.5179165,0.53155446,0.2117745,0.20818813,0.4013365,0.08470867,0.60402817,0.21389994,-0.000136798,0.1787203,0.39792016,0.6483452,0.18665513,0
0.22034526,0.12077595,0.19954485,0.25520217,0.26679376,0.24486932,0.25018468,0.19802979,0.06692087,0.3307662,0.22514263,-7.41E-05,0.16299082,0.1710038,0.38844183,0.17323491,1
0.41614085,0.22794646,0.27423975,0.4825168,0.4998258,0.29974782,0.31511566,0.39351007,0.09250174,0.5973247,0.30109012,-0.000137137,0.21849298,0.3497487,0.6971569,0.26156735,0
0.69076043,-0.004744127,-0.006207749,0.8208696,0.8010371,-0.042625025,-0.05404245,0.6209405,-0.0049803,0.8906632,-0.01806216,-0.000109325,-0.012387037,0.7277745,0.8565837,-0.010477148,1
0.5581099,0.03845556,0.06494465,0.63826513,0.64724785,0.07616613,0.08970554,0.5243598,0.002244789,0.72572803,0.07570186,-0.000140102,0.03319241,0.52230513,0.7603041,0.048982516,0
0.36846882,0.308605,0.3097434,0.40979037,0.44616508,0.3724309,0.38567743,0.3435684,0.11027765,0.5207192,0.36092037,-0.000149457,0.25716567,0.26871398,0.6293852,0.30986133,1
0.60050625,0.085065864,0.07539436,0.6843557,0.69540966,0.088709846,0.09908312,0.5510156,0.023494154,0.7693583,0.091816396,-0.000158066,0.061667286,0.55768186,0.7959844,0.07559038,0
0.45639265,0.19200349,0.1922046,0.5213151,0.5406839,0.22764906,0.23835653,0.41516718,0.08060734,0.61134565,0.22173372,-0.000143229,0.16510092,0.38505295,0.6633353,0.19028455,0
0.6443239,0.004226834,-0.001899019,0.74246746,0.7437404,-0.003069222,-0.002650373,0.5934123,-0.003230799,0.81758523,-0.00173071,-0.000147429,-0.002522886,0.6191269,0.8174673,-0.002943665,0
0.60151076,0.058558196,0.08190052,0.70103496,0.7000017,0.077481456,0.07226412,0.55464906,0.020024974,0.7861595,0.08781536,-0.000141288,0.06331801,0.571022,0.8207703,0.07274084,0
0.5361225,0.031069264,0.08230725,0.6269844,0.6255435,0.08621824,0.067425564,0.502839,0.005735371,0.70925266,0.096135385,-0.000130976,0.052306868,0.5160588,0.765053,0.0683394,0
0.4190812,0.17788124,0.17742932,0.48473722,0.4973856,0.21293837,0.21950337,0.38017866,0.08327299,0.56694084,0.20533192,-0.00012291,0.16109712,0.3553437,0.6027077,0.17896709,0
0.44632968,0.23645326,0.2388101,0.49096966,0.5286761,0.2940294,0.33995083,0.41632766,0.093932115,0.6038214,0.28326237,-0.000158345,0.19489025,0.33426446,0.6796905,0.23065676,1
0.5996188,0.010008,0.009634614,0.6932268,0.69348323,0.017022774,0.013472043,0.5482628,-0.001098078,0.76383805,0.01373706,-0.00014326,0.006581321,0.589419,0.76377314,0.008376904,0
0.46735853,0.20177138,0.20360455,0.5329575,0.5554567,0.23658589,0.25341803,0.42731798,0.08483283,0.6314303,0.22797455,-0.000150107,0.17680992,0.39297363,0.68453616,0.20214067,0
0.58048767,0.06550958,0.07357077,0.66801,0.6757912,0.08520544,0.08319448,0.5369915,0.016361658,0.752005,0.08751569,-0.000147536,0.053848162,0.55310094,0.78243977,0.07160262,1
0.5785536,0.076728724,0.077735715,0.6722806,0.6731176,0.07941151,0.096476175,0.5249403,0.041839227,0.74997157,0.08282629,-0.000142563,0.07342454,0.53871995,0.7591725,0.06895667,1
0.49492913,0.12884253,0.13564122,0.5701638,0.5810017,0.15449797,0.16383305,0.44874117,0.056780778,0.6526742,0.15183419,-0.000136054,0.11581577,0.4392339,0.6817409,0.12962052,0
0.582939,0.07492886,0.075854,0.6692637,0.67730033,0.09008445,0.09199657,0.53336805,0.022337064,0.74905306,0.08982948,-0.000153437,0.060498714,0.54432416,0.7762962,0.07302648,1
0.048021026,0.45189735,0.516294,0.06744158,0.09465285,0.5886443,0.58814484,0.030984433,0.20629206,0.17535405,0.58355236,-0.000100033,0.4469626,-0.053065907,0.3054215,0.49692267,0
0.5069824,0.13986222,0.15110728,0.5863497,0.59895384,0.16668887,0.17979872,0.46321008,0.06309963,0.67226595,0.17072588,-0.000140687,0.12717535,0.4502877,0.70597535,0.14360039,1
0.5308928,0.15157486,0.14448038,0.6127097,0.6243603,0.16962236,0.17376685,0.48538595,0.0684452,0.70127165,0.1647409,-0.000149177,0.12879243,0.47018716,0.7359286,0.14415959,0
0.11808562,0.1366941,0.21327484,0.16067357,0.14874654,0.22314999,0.203354,0.090847805,0.100126944,0.21378076,0.22724715,-4.73E-05,0.2074947,0.113435656,0.25722373,0.188182,1
0.5563635,0.065702446,0.06842168,0.64629,0.6497595,0.08165993,0.07287872,0.5078363,0.022782017,0.7177531,0.0755945,-0.00013796,0.059394807,0.526097,0.73814225,0.062362973,0
0.55590564,0.061990313,0.065439284,0.6427157,0.64847934,0.076662794,0.06384411,0.509498,0.02686377,0.72248113,0.074465476,-0.000140926,0.056360498,0.5259643,0.74094003,0.061846126,1
0.62893695,-0.020215832,-0.029158294,0.73242074,0.7267834,-0.033263102,-0.03255678,0.5736788,-0.003355492,0.79515886,-0.034992397,-0.000141466,-0.018675148,0.6216003,0.77255845,-0.029822975,1
0.52452826,0.1740002,0.16232145,0.598663,0.61697865,0.18860474,0.21399048,0.47488895,0.07188121,0.690431,0.1835216,-0.000153082,0.1422651,0.44786593,0.7254164,0.15781283,0
0.5638467,0.04224439,0.051125735,0.6502956,0.65551615,0.05347789,0.06600614,0.51244986,0.019340623,0.7222884,0.054621845,-0.00013292,0.039554223,0.5276592,0.72268885,0.04078915,1
0.07785539,0.28361204,0.39107814,0.1139545,0.12204239,0.41905686,0.40120158,0.06492823,0.16000663,0.20334893,0.42547143,-7.63E-05,0.32982403,0.03014531,0.30372894,0.35563815,0
0.48767266,0.13139716,0.15702535,0.564142,0.57255834,0.17509165,0.19741355,0.44817707,0.049440417,0.65138346,0.17563894,-0.000131844,0.12115286,0.4369471,0.69860154,0.13588296,0
0.34291756,0.31527156,0.32164592,0.3952504,0.42296007,0.36974004,0.36428204,0.3047496,0.12721014,0.49825138,0.36028165,-0.000145271,0.28431755,0.26667234,0.58578104,0.3316676,0
0.39431474,0.1582084,0.18365401,0.46011072,0.46987095,0.20990767,0.20062259,0.35762683,0.0730071,0.5451984,0.20444074,-0.000121499,0.1624621,0.35979277,0.5952614,0.1787172,1
0.39917222,0.2621254,0.26549092,0.4621384,0.48194408,0.30840945,0.3197196,0.3601287,0.112814784,0.55494416,0.3040967,-0.000144823,0.23191148,0.31913823,0.6222059,0.263815,0
0.5247215,0.035205122,0.062349632,0.614013,0.6078508,0.06842641,0.054398015,0.4792148,0.022784851,0.69056225,0.06771405,-0.000118749,0.054627627,0.50036967,0.7083067,0.05233298,1
0.44056162,0.045336742,0.072615564,0.51970863,0.51789176,0.07462708,0.09569614,0.40172148,0.040778298,0.5856048,0.07665483,-0.000104387,0.0678877,0.41261584,0.5864759,0.05353347,1
0.56231415,0.091202654,0.085339144,0.6489274,0.6553164,0.09172952,0.09805686,0.5062326,0.04076425,0.7231302,0.09428893,-0.000139066,0.08061835,0.5195465,0.73516,0.07972027,0
0.5652226,0.11870158,0.12121021,0.6524267,0.6603234,0.12826966,0.13591862,0.51398623,0.051103406,0.73769385,0.13253783,-0.000146321,0.104244605,0.5126274,0.76765835,0.11220601,1
0.3370566,0.34034097,0.3476085,0.38615662,0.41616195,0.39756203,0.40766266,0.3006459,0.14260055,0.49361458,0.3938905,-0.000142804,0.30302042,0.2380667,0.5844787,0.35115975,0
0.630475,0.001435071,0.006396785,0.7241994,0.7252702,-0.001483247,0.006846257,0.57321215,-0.006731395,0.7952383,0.001460694,-0.000144074,-0.002503529,0.6052553,0.7961896,-0.006377526,1
0.65867907,-0.006732985,-0.010948435,0.76205236,0.7605362,-0.014100283,-0.014552854,0.6000997,-0.000889249,0.8331367,-0.011936218,-0.00014303,-0.005741164,0.6400412,0.81900257,-0.010079786,1
0.44070834,0.20295423,0.22929057,0.5069992,0.5225155,0.26426622,0.27182814,0.41753975,0.069697276,0.61298996,0.26678205,-0.000138811,0.1733538,0.36790267,0.7027551,0.22070813,0
0.47104734,0.051818166,0.054975286,0.54909444,0.5453867,0.051163614,0.06965698,0.4183356,0.036691405,0.60089725,0.05322203,-0.0001092,0.05911135,0.43550563,0.598688,0.03920723,1
0.4290757,0.1674174,0.17991689,0.49684027,0.5075995,0.20944631,0.20307772,0.38696206,0.06961424,0.580006,0.19816667,-0.000130132,0.1579003,0.3806621,0.62883675,0.17656077,0
0.49997094,0.1675106,0.15439487,0.57108194,0.58874756,0.16978687,0.1852909,0.44551867,0.06977786,0.65146744,0.17017704,-0.000142604,0.14065619,0.43950602,0.6794726,0.14944957,1
0.5434379,0.07324676,0.10529712,0.6263942,0.6359357,0.116332635,0.13345419,0.513998,0.020843238,0.7194039,0.12391205,-0.000141597,0.06859996,0.49461517,0.76798046,0.09155614,1
0.45734578,0.2165966,0.22183934,0.51874816,0.54304415,0.25284603,0.2624391,0.41547188,0.08093137,0.6154747,0.24956897,-0.000145482,0.18752399,0.37971145,0.68449897,0.21506274,1
0.45717424,0.19540942,0.2294485,0.540921,0.54582417,0.24324669,0.2511149,0.42947316,0.09066419,0.63877314,0.25522855,-0.000150365,0.19613296,0.40137738,0.7109059,0.22075215,1
0.5508924,0.071872436,0.0708637,0.64422303,0.6404737,0.088449486,0.074661136,0.5020843,0.035101276,0.72149587,0.08218843,-0.000135958,0.06665751,0.52136743,0.73892653,0.07326332,1
0.60234374,0.09830584,0.086815216,0.6886273,0.7019244,0.10368772,0.11279869,0.54938275,0.026669435,0.7710782,0.1049856,-0.000156984,0.073182724,0.5535429,0.79702985,0.08761809,1
0.51925343,0.101107694,0.11247434,0.59513825,0.60450435,0.12457891,0.13091482,0.47179747,0.038887564,0.6768679,0.12081654,-0.000133338,0.09010194,0.4744767,0.7048387,0.10004393,1
0.18949239,0.28951147,0.34552693,0.22545554,0.2467091,0.40139654,0.39618692,0.1709505,0.13082667,0.3243947,0.3935213,-0.000105578,0.29203546,0.12291117,0.4222542,0.3327031,0
0.41614085,0.22794646,0.27423975,0.4825168,0.4998258,0.29974782,0.31511566,0.39351007,0.09250174,0.5973247,0.30109012,-0.000137137,0.21849298,0.3497487,0.6971569,0.26156735,0
0.60327363,0.038524702,0.04748915,0.7021966,0.69956046,0.050435655,0.047430836,0.55376005,0.018506445,0.7796462,0.055341117,-0.000142544,0.041599333,0.57647216,0.794162,0.04220082,1
0.45423955,0.24466458,0.2434355,0.51924324,0.54058546,0.27923644,0.3052677,0.41480407,0.10178512,0.6181223,0.27864668,-0.000149156,0.20688832,0.35876665,0.68451256,0.23804234,0
0.4308064,0.22758636,0.26075733,0.5113797,0.51377076,0.28894985,0.2769461,0.39642122,0.10209534,0.6153934,0.28650376,-0.000133898,0.22219297,0.34919912,0.7012209,0.2586213,1
0.38136744,0.19044465,0.18624285,0.43040755,0.45482782,0.25281218,0.25931174,0.33955562,0.08116,0.5153294,0.22162415,-0.00014275,0.17194152,0.318831,0.5542104,0.20105326,0
0.47584352,0.07532439,0.16915119,0.5631763,0.56157327,0.14553605,0.15041985,0.44373006,0.046760064,0.6557236,0.18886155,-0.000121766,0.12866917,0.46629196,0.7226649,0.14776734,1
0.5136035,0.16594465,0.16141148,0.5931441,0.60504556,0.17463925,0.19114871,0.46076754,0.074652076,0.67878014,0.17963211,-0.000146021,0.14801015,0.45776993,0.70829487,0.16082548,0
0.5349279,0.10212478,0.123064294,0.6093637,0.62600386,0.14509442,0.1547294,0.49630454,0.033714168,0.69799125,0.14271589,-0.00014561,0.08744739,0.4709686,0.7458666,0.10835931,1
0.50521004,0.053669363,0.04973697,0.58607763,0.5900524,0.06511445,0.061756272,0.45138848,0.028888166,0.6469575,0.058002703,-0.000121428,0.05566559,0.4838241,0.64174634,0.04139962,1
0.48310933,0.18036303,0.1792929,0.55726284,0.56971717,0.19911659,0.21780196,0.43582425,0.07918739,0.64400554,0.20257428,-0.00013986,0.16060255,0.41539368,0.6835886,0.17448908,0
0.22034526,0.12077595,0.19954485,0.25520217,0.26679376,0.24486932,0.25018468,0.19802979,0.06692087,0.3307662,0.22514263,-7.41E-05,0.16299082,0.1710038,0.38844183,0.17323491,0
0.66344863,0.010953538,0.016237594,0.7650419,0.7658675,0.010203987,0.032163285,0.6105328,0.002961058,0.8435839,0.016748093,-0.000151304,0.005196631,0.62510026,0.84400755,0.001761749,1
0.62934154,0.007527813,0.009496972,0.7257859,0.73061216,0.017774574,0.009078532,0.58203286,-0.001899757,0.8023518,0.01550585,-0.000147178,0.000290677,0.6026573,0.8092481,0.0019859,1
0.56401175,0.10808702,0.08606669,0.6477995,0.65766495,0.10564832,0.10883053,0.50999266,0.045516178,0.7238082,0.09826038,-0.000151605,0.08173165,0.5134323,0.7376949,0.09402277,1
0.4559076,0.25491452,0.25618994,0.5199748,0.5417693,0.28801203,0.32038808,0.41494364,0.10649945,0.621713,0.2900308,-0.000149265,0.21829844,0.35681295,0.6909043,0.24742582,0
0.16763483,0.43349567,0.46458176,0.19363168,0.22081436,0.52064335,0.5125847,0.13286807,0.21301714,0.3032062,0.5144732,-0.000116763,0.42658436,0.07392344,0.409132,0.46912587,0
0.31823713,0.08282333,0.13039124,0.38005573,0.3810079,0.15023276,0.16716088,0.28281066,0.060971767,0.44129664,0.14248726,-7.78E-05,0.117395066,0.28777874,0.45395193,0.1077116,0
0.52047986,0.15246496,0.1559726,0.5982624,0.60686755,0.17109323,0.19504973,0.46977732,0.06558707,0.68637,0.16991395,-0.000143986,0.13013327,0.44839406,0.72121835,0.14138809,1
0.44072857,0.19900003,0.20988318,0.51190805,0.52470815,0.23858035,0.24417365,0.39573696,0.096515596,0.59982467,0.23571171,-0.00012885,0.18826136,0.35979372,0.6459902,0.19856916,0
0.52021545,0.14652424,0.14133044,0.6008573,0.6092686,0.15189621,0.14722177,0.46643373,0.06897911,0.68581885,0.15240377,-0.000147261,0.13225438,0.47553262,0.7134934,0.14493862,1
0.5064422,0.07063387,0.07654196,0.5886405,0.59069735,0.08996837,0.079567276,0.4579587,0.027080864,0.65916353,0.08891274,-0.000135929,0.07033836,0.49288297,0.6749962,0.083206676,1
0.5000854,0.19247168,0.20286167,0.57397676,0.59180695,0.22703904,0.25228146,0.46091193,0.07871765,0.67133814,0.22853282,-0.000148033,0.16605252,0.416894,0.7279606,0.19251236,1
0.75042355,-0.07522947,-0.08907263,0.86772776,0.859578,-0.106457174,-0.112276874,0.6889842,-0.03262117,0.9346963,-0.103673935,-0.000162643,-0.07775712,0.74679655,0.9065184,-0.08657929,1
0.5486061,0.13852501,0.16860348,0.6289681,0.63791066,0.20379308,0.25826296,0.5025308,0.06213113,0.7280526,0.19396096,-0.000146932,0.13051063,0.47755933,0.7652295,0.13834916,1
0.18949239,0.28951147,0.34552693,0.22545554,0.2467091,0.40139654,0.39618692,0.1709505,0.13082667,0.3243947,0.3935213,-0.000105578,0.29203546,0.12291117,0.4222542,0.3327031,0
0.5601678,0.048934862,0.09820841,0.64599305,0.6563459,0.1069744,0.11411172,0.5283698,-0.008003753,0.7443767,0.12322619,-0.000145493,0.05505026,0.54180187,0.80673015,0.08699129,1
0.5189395,0.17583442,0.17240667,0.59784615,0.6101797,0.19232461,0.21207361,0.4712668,0.07614482,0.6883951,0.19610518,-0.000147543,0.15351179,0.4514229,0.7287375,0.16885628,0
0.5980471,0.01631194,0.016380854,0.6901797,0.6945106,0.025297701,0.02357465,0.55267185,0.003948845,0.76334035,0.025396228,-0.000138043,0.013033509,0.5724983,0.76745486,0.015925743,1
0.6444863,-0.025105327,-0.01865241,0.74613154,0.74281734,-0.029003069,-0.041032888,0.5895062,-0.016110484,0.8168472,-0.022442937,-0.000141621,-0.019779667,0.6470019,0.81277806,-0.0242609,1
0.47316122,0.18051705,0.18617854,0.543268,0.5524561,0.21061146,0.21794876,0.4252105,0.07464808,0.63337857,0.20928723,-0.0001383,0.16485278,0.41226694,0.6822106,0.1819475,0
0.3935264,0.25993505,0.26860362,0.44767365,0.47456554,0.31295204,0.3311374,0.35993025,0.10084207,0.54739976,0.3100466,-0.00014705,0.2227672,0.30456263,0.6225654,0.2686055,0
0.052798837,0.5026026,0.5168454,0.047875147,0.09695108,0.6206471,0.63979673,0.046639584,0.19327521,0.1610936,0.59325814,-0.000125527,0.4409063,-0.07851948,0.3203057,0.5183398,0
0.48172468,0.21804562,0.21425971,0.55157685,0.5694594,0.2418204,0.2636414,0.4386456,0.0914164,0.64734995,0.24428856,-0.000148175,0.18703124,0.40112123,0.70460963,0.20865107,0
0.4309034,0.13770552,0.19935232,0.50409263,0.509507,0.217148,0.22912392,0.4017159,0.04882595,0.60150987,0.22161055,-0.000119659,0.1481193,0.38360685,0.6793323,0.17303145,1
0.47111708,0.19331436,0.20057657,0.5407181,0.55690044,0.22520038,0.24275672,0.42488286,0.07626288,0.6313729,0.22668791,-0.000139471,0.16825995,0.39834055,0.6826947,0.18923792,0
0.20924124,0.20317706,0.2888979,0.25133306,0.26600608,0.32540834,0.34206092,0.19756342,0.102318645,0.34199563,0.32768995,-9.11E-05,0.22652876,0.14783797,0.43126494,0.25265265,0
0.269867,0.3883412,0.39272466,0.2989831,0.33939308,0.46958315,0.4824621,0.2502955,0.15235342,0.41381532,0.45692772,-0.00013926,0.33428693,0.15732655,0.53220856,0.3966021,0
0.24958213,0.44409853,0.45460683,0.28033838,0.32153866,0.52697635,0.5458544,0.22138123,0.1796047,0.3986285,0.5183869,-0.000149154,0.3887568,0.122558,0.5262337,0.45663273,0
0.6358811,0.034513976,0.02745308,0.7297322,0.7353284,0.029278778,0.03891796,0.5845864,0.013809208,0.8090928,0.030680314,-0.000154322,0.022614151,0.6025938,0.8133303,0.024950564,1
0.68904245,-0.07764616,-0.036906555,0.8015467,0.7897623,-0.048876166,-0.048300974,0.64779085,-0.037978876,0.8817403,-0.029597074,-0.000142376,-0.05125068,0.6911705,0.9013927,-0.04923974,0
0.53538257,0.14208403,0.13915142,0.60929877,0.62857604,0.16951619,0.1913635,0.49779847,0.051511467,0.7026401,0.16574402,-0.000152846,0.11009924,0.46221605,0.7498177,0.13335592,0
0.4313143,0.15116727,0.15520088,0.48787165,0.48810363,0.17340171,0.17904824,0.3661508,0.058289997,0.55819994,0.16149387,-0.000111099,0.13774842,0.37055334,0.5818783,0.13792789,0
0.68904245,-0.07764616,-0.036906555,0.8015467,0.7897623,-0.048876166,-0.048300974,0.64779085,-0.037978876,0.8817403,-0.029597074,-0.000142376,-0.05125068,0.6911705,0.9013927,-0.04923974,0
0.456437,0.22526366,0.23494017,0.51615465,0.5413843,0.27189603,0.2869825,0.41874546,0.08541153,0.6167844,0.2692172,-0.000144758,0.19727784,0.3743704,0.6934034,0.22661808,0
0.6845233,-0.032796443,-0.03281498,0.7918192,0.7884632,-0.044653088,-0.03324268,0.63310254,-0.016023878,0.86747295,-0.032737076,-0.000146924,-0.02958946,0.6734006,0.857429,-0.036526456,1
0.14458722,0.51332986,0.53059995,0.16356944,0.20286506,0.60774153,0.6215453,0.11458571,0.22036624,0.28295222,0.5990286,-0.00013214,0.4668396,0.008788485,0.41801053,0.5314408,0
0.58013445,0.05070706,0.04868429,0.6680194,0.6739865,0.060668856,0.059516072,0.533709,0.010595791,0.7436144,0.06079512,-0.000140811,0.03902045,0.5527136,0.75868255,0.04855321,1
0.5113172,0.14051422,0.1933461,0.5907828,0.6056324,0.20546988,0.24431565,0.48032185,0.052709635,0.6949053,0.22112313,-0.000141979,0.13390552,0.4446456,0.7676181,0.16584921,1
0.60621303,-0.036388054,-0.005158112,0.70401573,0.69597304,-0.019941181,-0.008381441,0.5553315,-0.018392,0.77211714,-0.008812621,-0.00012168,-0.019724622,0.59351313,0.7719032,-0.027459279,1
0.52646834,0.030472986,0.03845769,0.61321044,0.60998523,0.03796862,0.04473052,0.4737134,0.022458058,0.67484915,0.038526587,-0.000117469,0.03799673,0.501646,0.66625136,0.027791426,1
0.55681974,0.10729745,0.121793754,0.641212,0.6544896,0.13983193,0.14137252,0.51513624,0.03180973,0.7367518,0.14468412,-0.000153952,0.094015025,0.52400875,0.7810912,0.121511534,0
0.3877015,0.37036893,0.39144468,0.44661573,0.47584933,0.45001057,0.48219162,0.36187875,0.15122989,0.5753854,0.4474768,-0.000152326,0.3290869,0.27004817,0.691844,0.38696843,0
0.520284,0.15289252,0.15058824,0.6002013,0.6110908,0.16621552,0.18600056,0.47233057,0.06870394,0.6864018,0.16996773,-0.000143044,0.13554949,0.45774445,0.7193422,0.14533079,0
0.41379374,0.25115445,0.25258523,0.4737076,0.49529287,0.29801548,0.31992316,0.3741821,0.09565798,0.5677019,0.29434657,-0.000147326,0.21395302,0.32158604,0.6413528,0.25358808,0
0.7240786,-0.063220195,-0.06523025,0.838998,0.83667004,-0.08030634,-0.09342464,0.6717612,-0.03085884,0.9103583,-0.07558048,-0.000161347,-0.062303483,0.7204037,0.9005706,-0.06104614,1
0.51401544,0.049386837,0.05402392,0.5992362,0.60140485,0.07299724,0.061117854,0.46435583,0.031795543,0.6667121,0.06201177,-0.000131623,0.05675958,0.49592552,0.6667736,0.055193003,1
0.63962406,0.003849603,0.004024535,0.7364666,0.73881197,-0.000715345,0.003414959,0.5845368,-0.004175071,0.808749,0.000504427,-0.000145016,-0.002440453,0.6152583,0.8057005,-0.002282187,0
0.37898427,0.2927154,0.30062178,0.43339658,0.456928,0.35452887,0.3632715,0.340274,0.122433856,0.53468215,0.33775318,-0.000145064,0.25905994,0.28559628,0.6124207,0.30283535,1
0.5120875,0.17552793,0.16934037,0.5807375,0.6012818,0.19820859,0.21888477,0.46625805,0.07067512,0.67074645,0.19199526,-0.000151322,0.1429738,0.4284393,0.71697724,0.16362993,1
0.40857527,0.2112081,0.24608722,0.47659698,0.48783618,0.26761496,0.27026492,0.37303427,0.09290456,0.5755418,0.27385163,-0.000128125,0.20461166,0.35202822,0.6447404,0.23266189,0
0.50438386,0.11516211,0.12341385,0.5816941,0.59222305,0.14608935,0.15403722,0.45908967,0.04880455,0.66309315,0.1419392,-0.000135878,0.103018,0.45138377,0.69276506,0.1165217,0
0.38834453,0.28552118,0.29654145,0.44906223,0.46299735,0.3337707,0.3280421,0.3515116,0.11605871,0.5540571,0.33265525,-0.00014005,0.2567869,0.30804172,0.6431911,0.2939744,0
0.54903,0.15451017,0.16250011,0.6267341,0.6442543,0.18427196,0.20726843,0.50714,0.05322482,0.72031015,0.18628848,-0.000156438,0.125561,0.47521955,0.7763365,0.15008183,1
0.5884353,-0.010840632,0.006134823,0.6818328,0.67710143,-0.004573479,-0.010478206,0.5344112,-0.006917428,0.7481922,-0.003184542,-0.00012756,-4.04E-05,0.5821955,0.7476218,-0.009523883,1
0.46488857,0.1966109,0.19568877,0.5358393,0.55152416,0.22312458,0.23962426,0.42315188,0.08791971,0.6252997,0.22273728,-0.000142835,0.17135397,0.38845384,0.67253387,0.19149631,0
0.5345968,0.13238688,0.13924013,0.6106843,0.62411714,0.153864,0.15738954,0.48772588,0.046576124,0.69961077,0.15519701,-0.000146172,0.11409622,0.48076457,0.74736375,0.13089564,1
0.4197098,0.23096862,0.23282617,0.48078322,0.50028765,0.2675361,0.2808295,0.3746466,0.105730765,0.5729567,0.25991186,-0.000139691,0.2063795,0.34316075,0.6198683,0.23328835,0
0.5966659,0.10877873,0.105720356,0.69241667,0.6977777,0.1080288,0.1104369,0.54500705,0.044331495,0.7794049,0.11804918,-0.000155148,0.09529656,0.55704194,0.8087249,0.10800438,1
0.36255962,0.14115457,0.18909124,0.4240954,0.4357135,0.21288773,0.21410783,0.32971832,0.07062191,0.50490475,0.20914833,-0.000111083,0.15215217,0.31935224,0.5512274,0.1693744,0
0.34647012,0.29067993,0.31873617,0.4088758,0.42126524,0.36065444,0.3605683,0.31540754,0.126204,0.51407284,0.35732257,-0.00013471,0.27612844,0.2689895,0.60785174,0.31405997,1
0.5381618,0.083254956,0.18815023,0.64763993,0.6360232,0.16836992,0.19163597,0.5163297,0.03305146,0.752713,0.19837476,-0.000117633,0.11729452,0.51156855,0.8427693,0.13926114,0
0.48653182,0.22144422,0.22012354,0.5537198,0.575113,0.25346312,0.269155,0.44296762,0.08166096,0.6513255,0.252196,-0.000153391,0.18360685,0.40506095,0.7186183,0.21416824,0
0.18325754,0.20660532,0.26995596,0.22091895,0.23442613,0.31215182,0.3063581,0.14782913,0.08637819,0.29399848,0.29971862,-6.45E-05,0.23244867,0.11681573,0.35926417,0.23821369,0
0.5538108,0.044683516,0.042699896,0.6433133,0.64647853,0.05062101,0.052312776,0.5017362,0.02650133,0.71159947,0.047417045,-0.00013501,0.043821514,0.53418815,0.70597965,0.039188903,0
0.4995004,0.14740714,0.14641376,0.57676774,0.5854844,0.15557739,0.17235139,0.44687507,0.07198608,0.6570396,0.15932474,-0.00013357,0.13790977,0.44240528,0.6816165,0.1366618,0
0.68328154,-0.026195116,-0.032851428,0.7878891,0.7879143,-0.029940024,-0.03455066,0.6313836,-0.014774773,0.8612038,-0.028787926,-0.000154733,-0.028086439,0.663682,0.8569439,-0.029197738,1
0.4653769,0.2327599,0.23229282,0.5296001,0.55378824,0.2659362,0.29075527,0.42522487,0.09688882,0.6273619,0.26499093,-0.000152511,0.19804262,0.3746441,0.6931597,0.22619489,0
0.31076565,0.21330163,0.24748474,0.35781223,0.3747907,0.2843051,0.29353514,0.274826,0.102399394,0.44640693,0.27719033,-0.000105173,0.21674716,0.24257939,0.50330657,0.23335065,0
0.6045712,-0.001676075,-0.000698611,0.700333,0.69993174,0.001868412,-0.00773748,0.5514903,-0.001107164,0.7695865,-0.002488464,-0.000139917,0.001268372,0.59293056,0.7651156,-0.005869299,1
0.45817634,0.18585792,0.19079007,0.52287793,0.5414413,0.22001007,0.24216032,0.41340593,0.07588123,0.6131399,0.2162216,-0.000141819,0.1619701,0.38694373,0.65676737,0.18538892,0
0.5562783,0.09959076,0.099112555,0.6405106,0.6487348,0.10781261,0.12489985,0.5067767,0.0447067,0.7208821,0.11037106,-0.000141269,0.08680147,0.50455624,0.7398174,0.09175031,0
0.4152823,0.1029538,0.13004483,0.48230794,0.48906988,0.14223473,0.15649459,0.3702074,0.055578645,0.55236405,0.14246775,-0.000109435,0.11424152,0.37827972,0.5712015,0.112232774,0
0.4971898,0.14599298,0.15575564,0.5786615,0.5854165,0.17838027,0.16970015,0.45429528,0.057360202,0.6655528,0.17448205,-0.000139466,0.1346271,0.44787434,0.7163746,0.15258208,0
0.6330012,0.018374834,0.011191182,0.7295331,0.7297006,0.012408704,0.010574505,0.58107936,0.004593849,0.8040897,0.014743909,-0.000147436,0.008987084,0.6139501,0.80312383,0.011493199,1
0.50166327,0.18276839,0.18215482,0.57707614,0.5908971,0.2019594,0.22308153,0.4557813,0.07891684,0.6674344,0.20535505,-0.000144851,0.15990788,0.42921305,0.71221155,0.17562297,0
0.5316062,0.11081245,0.109486274,0.6094214,0.62062263,0.11884129,0.12600113,0.47925997,0.043320216,0.68817395,0.116537966,-0.00014276,0.097805694,0.49085775,0.71205187,0.10627743,1
0.56355643,0.0749246,0.088062376,0.64497435,0.65709996,0.09699508,0.10271031,0.5150778,0.025267106,0.7271212,0.096269086,-0.000142965,0.06871594,0.52228624,0.75447947,0.07888537,1
0.27370745,0.38287127,0.39801186,0.31652385,0.34355018,0.44482675,0.4491315,0.23285842,0.16690744,0.42317703,0.4427951,-0.000130328,0.35607955,0.18088697,0.52067167,0.39830554,0
0.45801252,0.15989013,0.18061888,0.5334386,0.5382599,0.19264232,0.18307397,0.41027865,0.06995578,0.620269,0.19850631,-0.000131528,0.16077036,0.41586134,0.66928124,0.17581531,0
0.281688,0.22699136,0.26338923,0.3270249,0.34573454,0.3030901,0.31014532,0.24270234,0.10740411,0.41231874,0.29988238,-0.000105435,0.23621252,0.23014218,0.47377884,0.2538869,0
0.73432606,-0.082055636,-0.08848673,0.84711474,0.8421405,-0.10128242,-0.11018095,0.6768052,-0.04134051,0.91620415,-0.10087289,-0.000158032,-0.080288455,0.7401789,0.8929299,-0.085123435,1
0.68194574,-0.0691148,-0.08249785,0.7897124,0.7827103,-0.10001384,-0.114281125,0.62181526,-0.03885505,0.850624,-0.09291938,-0.000151949,-0.069353506,0.70351774,0.8246266,-0.075461045,1
0.5312272,0.09117487,0.09927273,0.61343676,0.62088066,0.10879879,0.103386536,0.4801723,0.037611455,0.6913218,0.10987737,-0.000136081,0.08783099,0.4955273,0.7154392,0.09300153,1
0.61574763,0.040999047,0.052640066,0.71209866,0.71057314,0.057426102,0.06305632,0.5651207,0.008278325,0.7875986,0.05977288,-0.000141956,0.037206188,0.57839876,0.8125303,0.039143305,1
0.5462606,0.1495686,0.14542824,0.6201066,0.6383836,0.16714272,0.1794402,0.49755272,0.051061295,0.7118033,0.16508202,-0.000155126,0.12137388,0.485531,0.7566254,0.13957065,1
0.6254684,-0.004937612,0.015837401,0.72442526,0.72074753,0.011665411,0.0216716,0.5771794,-0.007699918,0.80208814,0.018466696,-0.000136449,0.000547886,0.60788184,0.80912536,0.001513109,1
0.49989715,0.20465425,0.19850379,0.5732994,0.59192336,0.2200691,0.24111062,0.45570374,0.08635084,0.6685036,0.22403818,-0.000151464,0.1731589,0.42332777,0.7179454,0.19658121,1
0.5369672,0.18788607,0.16816527,0.6175368,0.6337227,0.19429784,0.18767941,0.49474332,0.061364047,0.7122842,0.20662582,-0.000168899,0.15519764,0.50288635,0.7699869,0.19048962,0
0.3861309,0.2890502,0.29596215,0.44008386,0.47210652,0.35740402,0.36400673,0.3577784,0.11100362,0.5494909,0.3478883,-0.000152261,0.2486417,0.30037376,0.63901293,0.3051136,0
0.4519387,0.094350606,0.13973695,0.53086907,0.52814794,0.15355232,0.15083396,0.41044015,0.049861014,0.60832816,0.15237913,-0.000121256,0.1050757,0.41197607,0.64357716,0.11992985,1
0.49559608,0.10097269,0.113816015,0.57643145,0.58067626,0.123295076,0.13233465,0.44687638,0.056477364,0.6536907,0.12505665,-0.000130331,0.106128775,0.45817924,0.6702436,0.106187046,0
0.6389272,-0.026971526,-0.048637897,0.7374066,0.73922503,-0.039254427,-0.050049834,0.59178764,-0.011773627,0.80410844,-0.045048147,-0.000151998,-0.036541656,0.6310545,0.7864917,-0.030969799,0
0.44664618,0.23012227,0.23272085,0.5102299,0.5325268,0.2701969,0.28873497,0.40654314,0.0903531,0.60671794,0.27135178,-0.000148419,0.19503596,0.36342025,0.67062044,0.23328848,0
0.360398,0.26873174,0.2890567,0.4200511,0.4385143,0.33193362,0.3352713,0.32926053,0.11306314,0.5219998,0.3288965,-0.000137662,0.24780336,0.28693175,0.60526913,0.28597713,1
-0.066456705,0.76436764,0.7553452,-0.10772009,-0.02923797,0.9010781,0.974049,-0.08599307,0.32158786,0.033158742,0.8696724,-0.000142844,0.64564043,-0.30359098,0.22128075,0.75864446,0
0.55623215,0.14311826,0.13115527,0.6374225,0.649267,0.15145028,0.16472739,0.5015789,0.05694096,0.7240037,0.14628243,-0.000151427,0.11892153,0.4957743,0.7506091,0.12566009,0
0.61361355,0.047173597,0.047871135,0.7021592,0.7125731,0.056252524,0.06647901,0.56846815,0.006367333,0.78425264,0.06024888,-0.000154166,0.031168044,0.58428967,0.803211,0.046161067,1
0.3037692,0.29257956,0.32732877,0.35141602,0.3715155,0.36795986,0.36708868,0.2705478,0.12020311,0.45585003,0.36571103,-0.000130049,0.2790311,0.23271206,0.55098313,0.32139087,1
0.63613826,0.051055904,0.036293,0.729648,0.7358208,0.03808839,0.044193998,0.5834573,0.014294017,0.8090523,0.04384336,-0.000156788,0.033379853,0.60280514,0.8187175,0.04090578,1
0.28462255,0.36192173,0.3664149,0.32472578,0.3570933,0.42635733,0.4394354,0.25007498,0.15400456,0.4297534,0.42240006,-0.000138296,0.3252113,0.18307118,0.5212483,0.37635106,0
0.5035527,0.16983677,0.16971517,0.5774827,0.5907569,0.18849188,0.2085467,0.4567388,0.07188086,0.66674775,0.19211932,-0.000142904,0.14991367,0.43733722,0.70986927,0.16279723,0
0.57413876,0.028727684,0.016809024,0.65968746,0.6616467,0.03400717,0.030312464,0.52943623,0.00548432,0.73086107,0.02702222,-0.000141908,0.010008723,0.5534071,0.73883736,0.017841257,1
0.4563569,0.10191903,0.1432195,0.5336391,0.53816175,0.14552785,0.15162663,0.414615,0.047332022,0.6137456,0.15198341,-0.00012343,0.11121029,0.4185416,0.64957273,0.12289598,0
0.6675207,-0.02290167,0.013199732,0.7718875,0.7665221,0.001858383,0.014300413,0.6275004,-0.017900396,0.85457027,0.019385353,-0.000153434,-0.009513766,0.64905506,0.8815458,0.001237668,1
0.60658807,0.06407818,0.047930546,0.7029295,0.703909,0.04960379,0.04371786,0.54958194,0.02900185,0.77698666,0.05202222,-0.000151481,0.051887654,0.5726226,0.78393406,0.056903593,1
0.40285996,0.17268984,0.19362989,0.46516135,0.48381892,0.21156727,0.22859931,0.3605913,0.0834365,0.54697454,0.21626326,-0.000120825,0.17140244,0.3491109,0.58614796,0.17986217,0
0.35287678,0.30139518,0.30360824,0.39281264,0.42704743,0.35633326,0.3873224,0.32558855,0.11566466,0.50326705,0.3497723,-0.000136443,0.25371224,0.2541057,0.59201527,0.2970168,0
0.7189648,-0.08341708,-0.08834994,0.830457,0.82205945,-0.10571739,-0.1106526,0.66365325,-0.042642947,0.8916127,-0.09771904,-0.000141306,-0.081275135,0.72015417,0.86962795,-0.09771192,1
0.6258938,0.006662056,0.021469004,0.7274997,0.7260664,0.014564075,0.011097558,0.5729897,0.003301885,0.8031868,0.021607086,-0.000144978,0.016796455,0.6124387,0.80946344,0.012216605,1
0.53117007,0.11418085,0.16571027,0.6021698,0.6237246,0.2013287,0.23468176,0.5164099,0.016589832,0.722932,0.2171995,-0.000157766,0.09516255,0.4754099,0.81487465,0.1617344,1
0.6247066,0.019499365,0.003949508,0.72159904,0.721464,0.018803038,0.005548194,0.5724578,0.004828982,0.7944385,0.013549008,-0.000152628,0.009167492,0.613663,0.7922606,0.014911145,1
0.6254288,0.08346856,0.09169587,0.71957064,0.72861344,0.100277185,0.11828025,0.57428354,0.021541137,0.8038224,0.1024078,-0.000159402,0.06341757,0.5699069,0.836856,0.07617997,0
0.53897977,0.111650616,0.10591954,0.6194179,0.6271822,0.118945956,0.12396323,0.49309602,0.046258993,0.7035316,0.11998761,-0.000140769,0.09471615,0.4897709,0.73178035,0.1041241,1
0.43002456,0.2823324,0.29050633,0.49177128,0.51430035,0.32908016,0.35620144,0.3954646,0.11792119,0.6005847,0.33278647,-0.000149304,0.24297732,0.32568043,0.6831325,0.28172594,0
0.55649596,0.10562845,0.09424448,0.63376564,0.64980966,0.1130323,0.10310689,0.502458,0.02642702,0.7146,0.10929304,-0.000152784,0.086630404,0.5161302,0.7448007,0.10524162,0
0.4152823,0.1029538,0.13004483,0.48230794,0.48906988,0.14223473,0.15649459,0.3702074,0.055578645,0.55236405,0.14246775,-0.000109435,0.11424152,0.37827972,0.5712015,0.112232774,0
0.632759,0.012987655,0.011485465,0.7349305,0.7303091,0.017124526,0.001135662,0.5782926,0.004958093,0.80893874,0.015529648,-0.000146318,0.009285376,0.6159168,0.8110297,0.016686976,1
0.5779778,0.08020272,0.08340068,0.6647542,0.67056316,0.09050492,0.09709879,0.52856624,0.028859073,0.74626905,0.09443145,-0.000144676,0.069953196,0.5392864,0.7707253,0.07634692,0
0.5264271,0.19622347,0.19205977,0.60204804,0.6196622,0.21550295,0.23829147,0.48149055,0.078955784,0.69973236,0.21920308,-0.000155896,0.16556248,0.449417,0.7537328,0.18812683,0
0.51387155,0.1345836,0.13648134,0.59304523,0.60335577,0.15419036,0.17053492,0.46920153,0.060812876,0.67792684,0.15522088,-0.000138471,0.11989555,0.45425943,0.7081783,0.13138862,0
0.48197615,0.11038554,0.17088735,0.56665295,0.56316435,0.16166057,0.16225556,0.43226838,0.05115108,0.6530743,0.17139176,-0.000122548,0.13713048,0.45486152,0.7028969,0.14347403,1
0.505961,0.025592078,0.046293356,0.59353095,0.59102786,0.0339564,0.026977122,0.45251808,0.026946884,0.65561795,0.04104396,-0.000106681,0.04918071,0.4960682,0.6440714,0.03510005,0
0.46943638,0.22841963,0.2260686,0.5364542,0.5568369,0.25942725,0.28652728,0.42898807,0.095075,0.6338809,0.2609108,-0.000151058,0.19111104,0.37593624,0.69512075,0.222909,0
0.53199273,0.041757062,0.05744464,0.6183001,0.61870414,0.055749014,0.06722176,0.47910458,0.022092525,0.6859132,0.0546214,-0.000126184,0.047678865,0.50420827,0.69385326,0.03932478,1
0.52896094,0.09577021,0.103064254,0.60713905,0.6177887,0.11921307,0.113837525,0.48313898,0.031035185,0.68982536,0.119171016,-0.000143288,0.08491213,0.49587104,0.7187963,0.101329446,1
0.53649575,0.12726635,0.12695539,0.611001,0.6255457,0.14571361,0.15958671,0.4855673,0.044233266,0.69454575,0.14257462,-0.000144255,0.10424049,0.47683313,0.732865,0.11405405,1
0.57377154,0.06837183,0.07100662,0.6612723,0.66465753,0.0712414,0.062125526,0.51774687,0.029829005,0.7382349,0.07182758,-0.000140268,0.06296737,0.5475918,0.7556495,0.061989374,1
0.5305458,0.1433042,0.14273499,0.60641414,0.6192645,0.16466188,0.1765131,0.48279,0.05589068,0.6936359,0.16385856,-0.000150346,0.122829325,0.47455573,0.73387873,0.1409509,0
0.44292685,0.17615548,0.17960103,0.50355995,0.5267417,0.21725136,0.22387382,0.4107986,0.07066881,0.5930052,0.2146078,-0.000135694,0.15221311,0.3724459,0.6503709,0.17924324,0
0.43531096,0.18175457,0.20347077,0.51015615,0.5160607,0.22878799,0.23221302,0.39770985,0.084931076,0.601922,0.22798783,-0.000127932,0.17551321,0.37249944,0.6591945,0.19661547,1
0.69097036,-0.025036305,-0.027254015,0.7941781,0.7936397,-0.03488095,-0.032287784,0.6329885,-0.020720374,0.8688913,-0.030859932,-0.00015391,-0.030215487,0.6723123,0.86568165,-0.032756284,1
0.6854112,0.006176293,0.004875511,0.78350407,0.7894295,0.000566125,0.015942201,0.6331121,-0.005571213,0.8684877,0.006460384,-0.000157979,-0.003430709,0.6515731,0.8719111,-0.001256853,1
0.44052288,0.24235487,0.24442716,0.50096405,0.52557707,0.27857572,0.28299534,0.39363804,0.09076965,0.5999675,0.27334344,-0.000151571,0.21295871,0.36662394,0.6663962,0.24675441,0
0.4309034,0.13770552,0.19935232,0.50409263,0.509507,0.217148,0.22912392,0.4017159,0.04882595,0.60150987,0.22161055,-0.000119659,0.1481193,0.38360685,0.6793323,0.17303145,1
0.40129152,0.08013664,0.10286729,0.45886168,0.47887722,0.13803196,0.13768475,0.36703905,0.03422644,0.5316204,0.12254799,-0.000112227,0.08436565,0.3694577,0.55721605,0.0942038,0
0.41614085,0.22794646,0.27423975,0.4825168,0.4998258,0.29974782,0.31511566,0.39351007,0.09250174,0.5973247,0.30109012,-0.000137137,0.21849298,0.3497487,0.6971569,0.26156735,0
0.4789572,0.22021595,0.2206777,0.54370445,0.56584495,0.2518282,0.26830825,0.43632406,0.086665444,0.64281064,0.25035727,-0.000149461,0.18789373,0.39788884,0.7099354,0.21221793,0
0.18325754,0.20660532,0.26995596,0.22091895,0.23442613,0.31215182,0.3063581,0.14782913,0.08637819,0.29399848,0.29971862,-6.45E-05,0.23244867,0.11681573,0.35926417,0.23821369,0
0.41539586,0.17652772,0.24933761,0.49868515,0.49432907,0.25416282,0.2494565,0.3807142,0.08005049,0.59824073,0.2677222,-0.000113461,0.20049882,0.37116843,0.6869872,0.22245118,0
0.5113245,0.15440086,0.1555411,0.5845341,0.6001172,0.18299574,0.1913796,0.4644568,0.057429537,0.673562,0.17516409,-0.000146622,0.1302458,0.4474636,0.7181514,0.15147449,0
0.43914998,0.19355379,0.23078895,0.5137348,0.5216805,0.2458128,0.2445249,0.39663208,0.07767498,0.60663503,0.24908334,-0.000133001,0.18867123,0.39038673,0.67573637,0.21799439,0
0.44001618,0.21758822,0.22068807,0.50319576,0.5227263,0.24831362,0.26199898,0.3930503,0.09209784,0.59433526,0.2413182,-0.000143691,0.19358812,0.3642784,0.64705116,0.21709734,0
0.4309034,0.13770552,0.19935232,0.50409263,0.509507,0.217148,0.22912392,0.4017159,0.04882595,0.60150987,0.22161055,-0.000119659,0.1481193,0.38360685,0.6793323,0.17303145,1
0.5865707,0.083765745,0.08328572,0.67645895,0.6820495,0.082592234,0.08549185,0.53130656,0.034840547,0.757873,0.088964,-0.000148277,0.07780073,0.55485576,0.77626705,0.08189805,1
0.50265133,0.15360765,0.15560076,0.57902116,0.58975923,0.17186366,0.18816835,0.45562896,0.0669265,0.6643632,0.17514852,-0.000139941,0.13690352,0.44154993,0.70117694,0.14827397,0
0.5607482,0.05658233,0.06415775,0.66251934,0.6552786,0.06517672,0.052890304,0.5069619,0.03817691,0.7338238,0.06638335,-0.00013417,0.06636312,0.53828776,0.7366334,0.061174594,1
0.52464277,0.07277017,0.068165205,0.60399884,0.6111439,0.09801939,0.08407959,0.48077324,0.024115242,0.6759825,0.08577709,-0.000139803,0.055615224,0.48787373,0.70143,0.06722112,1
0.5850723,0.08232848,0.086110726,0.67668635,0.6795243,0.08839019,0.091381565,0.5342632,0.02791103,0.76021934,0.09019162,-0.000149148,0.06705898,0.54957294,0.7864593,0.08278058,1
0.5899133,0.04268825,0.04656139,0.6766196,0.6839839,0.047586665,0.04880508,0.535974,0.00877234,0.7527288,0.046132006,-0.000142846,0.03572832,0.55734104,0.76561564,0.03792129,1
0.4309034,0.13770552,0.19935232,0.50409263,0.509507,0.217148,0.22912392,0.4017159,0.04882595,0.60150987,0.22161055,-0.000119659,0.1481193,0.38360685,0.6793323,0.17303145,1
0.52223945,0.16240273,0.16274,0.597626,0.6125162,0.18101475,0.20081574,0.47336376,0.06631717,0.68759096,0.18230861,-0.000145865,0.14145909,0.45856348,0.7278842,0.1567565,0
0.61735296,-0.095909305,-0.09864578,0.7100135,0.7058273,-0.10629015,-0.122425176,0.5586923,-0.04361293,0.76220775,-0.113850445,-0.00012486,-0.07794504,0.6283528,0.73018414,-0.09671907,1
0.35363984,0.07247595,0.12484141,0.41726127,0.4182496,0.138804,0.14977413,0.31977007,0.044802506,0.4822228,0.13641419,-9.03E-05,0.09808457,0.31428656,0.5145521,0.09572495,1
0.43803445,0.16394833,0.18120492,0.50439644,0.5164131,0.20212784,0.20263912,0.39461482,0.06909126,0.5907745,0.19950771,-0.000128974,0.15810743,0.39211565,0.6402066,0.1688847,0
0.69073725,-0.068622924,-0.08223289,0.8053227,0.79566675,-0.091328606,-0.10359145,0.6321237,-0.029723037,0.8656219,-0.09269227,-0.000151735,-0.064949214,0.70853084,0.83593684,-0.073320225,1
0.5571375,0.10553094,0.11132965,0.63778037,0.6492062,0.119357206,0.13297352,0.5055794,0.04205165,0.7232705,0.1191109,-0.000143526,0.09199606,0.5049065,0.7487627,0.09760548,1
0.68904245,-0.07764616,-0.036906555,0.8015467,0.7897623,-0.048876166,-0.048300974,0.64779085,-0.037978876,0.8817403,-0.029597074,-0.000142376,-0.05125068,0.6911705,0.9013927,-0.04923974,0
0.44993517,0.22297016,0.22739857,0.51874363,0.53406096,0.25352982,0.27749822,0.40582255,0.0965477,0.6121678,0.2590596,-0.000141653,0.19786666,0.3693,0.6681532,0.22346677,0
0.37850946,0.21315879,0.23534122,0.42383236,0.4493669,0.2819756,0.2868054,0.3632021,0.067907944,0.53173035,0.28089923,-0.000132505,0.17851213,0.3023942,0.63053054,0.22994687,1
0.5533657,0.10390758,0.12131634,0.6358286,0.6478427,0.13433032,0.13966528,0.5117772,0.03861296,0.72482795,0.1409073,-0.000150186,0.093008585,0.50559705,0.7689381,0.11523471,1
0.46593693,0.15360987,0.15298806,0.5339984,0.5528112,0.198385,0.20140427,0.42857227,0.057200503,0.6154464,0.18178019,-0.000144137,0.124305755,0.40245262,0.6603345,0.15322334,1
0.70620805,-0.03900881,-0.04108706,0.81558377,0.80956924,-0.044220686,-0.048220582,0.65184397,-0.025923591,0.89257425,-0.04246986,-0.000158897,-0.039647445,0.70038044,0.89149266,-0.03496076,1
0.5082178,0.17494363,0.17500682,0.578642,0.5957659,0.19640988,0.21240273,0.4597064,0.06624671,0.667133,0.19537859,-0.000146533,0.14459601,0.4319417,0.7192055,0.16226126,1
0.4290757,0.1674174,0.17991689,0.49684027,0.5075995,0.20944631,0.20307772,0.38696206,0.06961424,0.580006,0.19816667,-0.000130132,0.1579003,0.3806621,0.62883675,0.17656077,0
0.31729993,0.1271477,0.14599624,0.3778022,0.3799157,0.16622382,0.1425929,0.2827378,0.06898432,0.44526604,0.15851927,-8.19E-05,0.14046612,0.30053183,0.46331385,0.14376691,1
0.66933936,0.029067926,0.07801755,0.7766738,0.7748394,0.045526505,0.0445169,0.632738,0.010136195,0.8805986,0.07480027,-0.000163166,0.049160436,0.6570582,0.9240341,0.068666495,1
0.14920934,0.42687038,0.4681244,0.17985456,0.20589967,0.5389303,0.5440567,0.12602693,0.18515846,0.2901181,0.52784747,-0.000118064,0.39821935,0.037820973,0.41598526,0.4592334,0
-0.05283727,0.05662363,0.14597684,-0.012452919,-0.04983442,0.11386652,0.03652747,-0.11285451,0.124498755,-0.005219679,0.09623612,1.81E-05,0.19404347,-0.042269748,-0.030101173,0.12112417,1
0.6020528,0.038327724,0.04086213,0.6921093,0.6968721,0.042397916,0.04179284,0.54782987,0.009474061,0.7684343,0.04441923,-0.000141829,0.033121854,0.5742033,0.77947646,0.033499353,1
0.5924093,-0.014843561,0.004215956,0.68356705,0.6794422,5.53E-05,0.004507422,0.5478206,-0.009277519,0.7535991,0.003201455,-0.000127093,-0.008356929,0.56794226,0.75928366,-0.010412686,1
0.5522135,0.062182974,0.0945315,0.63622236,0.64252937,0.10005979,0.124522924,0.5105596,0.031728387,0.72332597,0.116171464,-0.000130379,0.07132597,0.50480443,0.75663954,0.07562178,1
0.55107087,0.11595113,0.11868806,0.63148946,0.6439718,0.12992029,0.118910834,0.5001185,0.03859993,0.71518147,0.13012108,-0.000149468,0.101436034,0.51829034,0.753114,0.116691105,1
0.6790494,-0.028460458,-0.026240855,0.7811933,0.78049725,-0.030200288,-0.04206746,0.6263609,-0.029059734,0.8546963,-0.024878338,-0.000153759,-0.03306526,0.6776138,0.8606294,-0.032509163,1
0.48187086,-0.020534597,-0.004210398,0.57062095,0.557636,-0.015267298,-0.036224015,0.4111206,-0.006670367,0.6076564,-0.032433525,-9.58E-05,0.009760931,0.4876433,0.56894565,-0.016198814,0
0.50171417,0.07811972,0.07767112,0.58428764,0.590339,0.09747426,0.08541013,0.45480332,0.036767967,0.6561709,0.08976495,-0.000135475,0.07472162,0.48506328,0.66395915,0.08113998,1
0.69235986,-0.006192893,-0.019738317,0.7823313,0.79309493,-0.021256804,-0.009278737,0.6353671,-0.025760021,0.8600879,-0.022705913,-0.000156991,-0.031818867,0.66000444,0.8599638,-0.030999914,1
0.5924229,-0.013358906,-0.0204999,0.69249386,0.68911946,-0.017380282,-0.028785326,0.5437395,0.006102823,0.7568976,-0.023905516,-0.000134742,-0.009308651,0.58470815,0.7344485,-0.014255896,1
0.59057665,0.057868578,0.049186595,0.6821127,0.68496025,0.051046483,0.03940487,0.53199106,0.01896967,0.75391716,0.053704046,-0.000136513,0.049928896,0.5721857,0.75916964,0.04690387,1
0.38335615,0.2850811,0.28970683,0.43825847,0.46559542,0.3272162,0.34620646,0.34216675,0.12078041,0.5372928,0.32698476,-0.000141917,0.25152558,0.291039,0.60660154,0.28780293,0
0.67294896,-0.040863,-0.038546503,0.77896297,0.7769491,-0.05253561,-0.055516906,0.6180985,-0.025231231,0.847394,-0.043529645,-0.000147916,-0.038483396,0.66949964,0.83625317,-0.04192379,1
0.5447041,0.061689015,0.071149796,0.6300879,0.63328725,0.0802761,0.084947474,0.49525037,0.026687417,0.7026413,0.07548299,-0.000131603,0.055362895,0.5031617,0.71937317,0.059512656,1
0.48310933,0.18036303,0.1792929,0.55726284,0.56971717,0.19911659,0.21780196,0.43582425,0.07918739,0.64400554,0.20257428,-0.00013986,0.16060255,0.41539368,0.6835886,0.17448908,0
0.28404573,0.38088623,0.40070653,0.31653684,0.35783133,0.4606232,0.48015243,0.2569724,0.15985031,0.43508056,0.45612955,-0.000139374,0.34066677,0.17186259,0.54291236,0.3910451,0
0.55649596,0.10562845,0.09424448,0.63376564,0.64980966,0.1130323,0.10310689,0.502458,0.02642702,0.7146,0.10929304,-0.000152784,0.086630404,0.5161302,0.7448007,0.10524162,0
0.3538051,0.25287902,0.32258466,0.42463174,0.42120075,0.32926464,0.31042182,0.3139105,0.10107456,0.52787054,0.3446762,-0.000115611,0.26787448,0.31353632,0.6363952,0.30139822,0
0.38532346,0.27258465,0.29057172,0.43447086,0.4623996,0.3366329,0.3530386,0.3519665,0.0977401,0.54291594,0.33269095,-0.000145788,0.23791681,0.30456096,0.635286,0.28194767,0
0.61870486,0.032336976,0.026488386,0.7124734,0.7168364,0.033670098,0.026265033,0.56821275,0.001931708,0.78947836,0.03594619,-0.000148049,0.02292803,0.60125476,0.80080813,0.03101442,1
0.36045533,0.23319378,0.2574172,0.41931316,0.43535587,0.28755322,0.28419432,0.3229297,0.10695526,0.512687,0.28312156,-0.00012941,0.2235843,0.30158994,0.58118874,0.2492451,0
0.5508924,0.071872436,0.0708637,0.64422303,0.6404737,0.088449486,0.074661136,0.5020843,0.035101276,0.72149587,0.08218843,-0.000135958,0.06665751,0.52136743,0.73892653,0.07326332,1
-0.010547472,0.3012274,0.41003472,0.018293347,0.01652504,0.4550839,0.42301685,-0.011674365,0.18802081,0.10837521,0.46168643,-7.20E-05,0.3728084,-0.04403433,0.2214325,0.39688486,0
0.5915625,-0.053209074,-0.05021423,0.6922386,0.6799447,-0.0702264,-0.08744369,0.5313945,-0.014152061,0.7434653,-0.06529872,-0.000116286,-0.030793622,0.60476977,0.71155345,-0.05467689,1
0.38987553,0.24765182,0.25906545,0.454422,0.46541843,0.29475242,0.28826764,0.34789455,0.10268846,0.5461019,0.28379938,-0.00013759,0.22841585,0.32717416,0.61693394,0.25625467,0
0.66362846,-0.051149808,-0.049569637,0.77102065,0.7642544,-0.055522874,-0.08004715,0.61145175,-0.023504097,0.8408825,-0.052261427,-0.000148035,-0.04261659,0.67214847,0.82826394,-0.041406825,1
0.5724849,0.033348914,0.053402923,0.65937966,0.6619026,0.06372689,0.07392717,0.5350824,0.009600204,0.7452908,0.07103621,-0.000138177,0.031900235,0.5378116,0.7723535,0.04203801,1
0.4152823,0.1029538,0.13004483,0.48230794,0.48906988,0.14223473,0.15649459,0.3702074,0.055578645,0.55236405,0.14246775,-0.000109435,0.11424152,0.37827972,0.5712015,0.112232774,0
0.59054357,-0.017071955,-0.003074005,0.68005615,0.6784326,-0.012960643,-0.008187398,0.5401232,-0.007261161,0.7448958,-0.010449871,-0.00012583,-0.0085098,0.57202697,0.73995,-0.019417956,1
0.6035264,0.03530912,0.030233055,0.6931641,0.699092,0.039121218,0.039059848,0.55098385,0.009096596,0.76977354,0.036531866,-0.000148785,0.023795448,0.58466077,0.7727057,0.033074386,1
0.4310028,0.17718986,0.20600003,0.49905294,0.51110405,0.22820178,0.24298489,0.38979405,0.0738782,0.58901215,0.22374775,-0.000134769,0.16739707,0.37023953,0.6447522,0.18967813,0
0.45230752,0.20360902,0.21421711,0.519928,0.5368832,0.24703953,0.26498082,0.41017702,0.081777856,0.61417794,0.24562442,-0.000146761,0.17545296,0.3808718,0.6693678,0.20415854,0
0.5381618,0.083254956,0.18815023,0.64763993,0.6360232,0.16836992,0.19163597,0.5163297,0.03305146,0.752713,0.19837476,-0.000117633,0.11729452,0.51156855,0.8427693,0.13926114,0
0.5288532,0.16660556,0.15545854,0.6036227,0.6209515,0.18358368,0.20253158,0.48427972,0.07087332,0.6962304,0.18294701,-0.000151288,0.13494775,0.45496824,0.7335047,0.15884982,1
0.5063415,0.115724534,0.12827922,0.59701866,0.59479475,0.13531739,0.116864376,0.4628419,0.05250146,0.6827181,0.13568135,-0.000132462,0.11672641,0.47600636,0.7163599,0.1253065,1
0.5354603,0.11095493,0.122291096,0.61272204,0.6277544,0.13377017,0.14809524,0.48937038,0.046817407,0.7016942,0.14024492,-0.00014469,0.099951126,0.48519057,0.7332409,0.115024336,1
0.58828247,0.057930283,0.052262887,0.67675084,0.68178666,0.061501265,0.064050004,0.5304988,0.023866333,0.74919707,0.059984915,-0.000143647,0.047212094,0.5487325,0.7525195,0.050324906,1
0.27370745,0.38287127,0.39801186,0.31652385,0.34355018,0.44482675,0.4491315,0.23285842,0.16690744,0.42317703,0.4427951,-0.000130328,0.35607955,0.18088697,0.52067167,0.39830554,0
0.5199439,0.13207127,0.13223124,0.59637755,0.60817796,0.1496021,0.16087933,0.47241926,0.05111735,0.6798403,0.14995411,-0.000140871,0.11266805,0.46384126,0.7149923,0.12525338,0
